<mavenLauncher xmlns="http://vestige.googlecode.com/MAVEN_LAUNCHER" xmlns:xsi="http://www.w3.org/2001/XMLSchema-instance" xsi:schemaLocation="http://vestige.googlecode.com/MAVEN_LAUNCHER mavenLauncher.xsd">
  <attach version="1.0.3" groupId="com.googlecode.vestige" artifactId="vestige.jvm_enhancer" />
  <launch class="com.googlecode.vestige.edition.standard.StandardEditionVestige" groupId="com.googlecode.vestige" artifactId="vestige.edition.standard" version="1.0.3"
    mode="FIXED_DEPENDENCIES" />
  <config>
    <modifyDependency artifactId="milton-server-ce" groupId="io.milton">
      <addDependency artifactId="javax.servlet" groupId="org.eclipse.jetty.orbit" version="3.0.0.v201112011016" />
    </modifyDependency>
    <modifyDependency artifactId="jetty-util" groupId="org.eclipse.jetty">
      <addDependency artifactId="slf4j-api" groupId="org.slf4j" version="1.6.6" />
    </modifyDependency>
    <replaceDependency artifactId="logback-classic" groupId="ch.qos.logback">
      <except artifactId="slf4j-api" groupId="org.slf4j" />
      <addDependency artifactId="slf4j-api" groupId="org.slf4j" version="1.6.6" />
    </replaceDependency>
    <modifyDependency artifactId="slf4j-api" groupId="org.slf4j">
      <addDependency artifactId="logback-classic" groupId="ch.qos.logback" version="1.0.13" />
    </modifyDependency>
    <modifyDependency artifactId="aether-impl" groupId="org.sonatype.aether">
      <addDependency artifactId="vestige.resolver.maven" groupId="com.googlecode.vestige" version="1.0.3" />
    </modifyDependency>
    <replaceDependency artifactId="commons-logging" groupId="commons-logging">
      <addDependency artifactId="jcl-over-slf4j" groupId="org.slf4j" version="1.6.6" />
    </replaceDependency>
    <additionalRepository id="vestige-repo" url="http://vestige.googlecode.com/svn/repo/" />
  </config>
</mavenLauncher>
