<?xml version="1.0" encoding="UTF-8"?>
<configuration scan="false">
  <appender name="FILE" class="ch.qos.logback.core.rolling.RollingFileAppender">
    <rollingPolicy class="ch.qos.logback.core.rolling.TimeBasedRollingPolicy">
      <fileNamePattern>${logback.logsDirectory}/%d{yyyy-MM-dd}.log</fileNamePattern>
      <!-- one month of logs -->
      <maxHistory>30</maxHistory>
    </rollingPolicy>
    <encoder>
      <pattern>%d{HH:mm:ss.SSS} %level [%X{vestige.appName:-vestige} %t] %logger -> %msg%n</pattern>
    </encoder>
  </appender>

  <appender name="STDOUT" class="ch.qos.logback.core.ConsoleAppender">
    <encoder>
      <pattern>%d{HH:mm:ss.SSS} %level [%X{vestige.appName:-vestige} %t] %logger -> %msg%n</pattern>
    </encoder>
  </appender>
  
  <logger name="org.apache.sshd" level="OFF" />
  <logger name="com.ning.http" level="INFO" />
  <logger name="com.btr.proxy" level="ERROR" />
  <logger name="com.googlecode.vestige.resolver.maven" level="INFO" />

  <root level="INFO">
<!--     <appender-ref ref="STDOUT" /> -->
    <appender-ref ref="FILE" />
  </root>
</configuration>
